<?xml version="1.0" encoding="UTF-8"?>
<project-private xmlns="http://www.netbeans.org/ns/project-private/1">
    <editor-bookmarks xmlns="http://www.netbeans.org/ns/editor-bookmarks/2" lastBookmarkId="0"/>
    <open-files xmlns="http://www.netbeans.org/ns/projectui-open-files/2">
        <group>
            <file>file:/C:/Users/venum/OneDrive/Documentos/NetBeansProjects/hogwarts/src/classes/Auxiliar.java</file>
            <file>file:/C:/Users/venum/OneDrive/Documentos/NetBeansProjects/hogwarts/src/classes/Nifflers.java</file>
            <file>file:/C:/Users/venum/OneDrive/Documentos/NetBeansProjects/hogwarts/src/classes/Criaturas.java</file>
            <file>file:/C:/Users/venum/OneDrive/Documentos/NetBeansProjects/hogwarts/src/classes/Hipogrifos.java</file>
            <file>file:/C:/Users/venum/OneDrive/Documentos/NetBeansProjects/hogwarts/src/classes/Thestrals.java</file>
            <file>file:/C:/Users/venum/OneDrive/Documentos/NetBeansProjects/hogwarts/src/hogwarts/Hogwarts.java</file>
            <file>file:/C:/Users/venum/OneDrive/Documentos/NetBeansProjects/hogwarts/src/classes/Dragones.java</file>
            <file>file:/C:/Users/venum/OneDrive/Documentos/NetBeansProjects/hogwarts/src/classes/Bowtruckles.java</file>
            <file>file:/C:/Users/venum/OneDrive/Documentos/NetBeansProjects/hogwarts/src/classes/Costo_Magico.java</file>
        </group>
    </open-files>
</project-private>
